BIOME,biomname,ECO_NAME,CODE,TYPE,count,synbiome,synth
6,Boreal Forests/Taiga,Alaska Peninsula montane taiga,0,unk,32,Boreal/Subalpine Forest,Alaska Peninsula montane taiga
6,Boreal Forests/Taiga,Central Canadian Shield forests,0,unk,238,Boreal/Subalpine Forest,Central Canadian Shield forests
6,Boreal Forests/Taiga,Cook Inlet taiga,0,unk,51,Boreal/Subalpine Forest,Cook Inlet taiga
6,Boreal Forests/Taiga,Copper Plateau taiga,0,unk,26,Boreal/Subalpine Forest,Copper Plateau taiga
6,Boreal Forests/Taiga,Eastern Canadian forests,0,unk,249,Boreal/Subalpine Forest,Eastern Canadian forests
6,Boreal Forests/Taiga,Eastern Canadian Shield taiga,0,unk,388,Boreal/Subalpine Forest,Eastern Canadian Shield taiga
5,Temperate Coniferous Forests,British Columbia mainland coastal forests,4,Fir-hemlock forest,2,Boreal/Subalpine Forest,Fir-hemlock forest
5,Temperate Coniferous Forests,Cascade Mountains leeward forests,4,Fir-hemlock forest,3,Boreal/Subalpine Forest,Fir-hemlock forest
5,Temperate Coniferous Forests,Central and Southern Cascades forests,4,Fir-hemlock forest,14,Boreal/Subalpine Forest,Fir-hemlock forest
4,Temperate Broadleaf and Mixed Forests,Western Great Lakes forests,84,Great Lakes spruce-fir forest,42,Boreal/Subalpine Forest,Great Lakes spruce-fir forest
6,Boreal Forests/Taiga,Interior Alaska-Yukon lowland taiga,0,unk,270,Boreal/Subalpine Forest,Interior Alaska-Yukon lowland taiga
6,Boreal Forests/Taiga,Kamchatka-Kurile meadows and sparse forests,0,unk,26,Boreal/Subalpine Forest,Kamchatka-Kurile meadows and sparse forests
6,Boreal Forests/Taiga,Kamchatka-Kurile taiga,0,unk,17,Boreal/Subalpine Forest,Kamchatka-Kurile taiga
13,Deserts and Xeric Shrublands,Great Basin shrub steppe,8,Lodgepole pine-subalpine forest,1,Boreal/Subalpine Forest,Lodgepole pine-subalpine forest
5,Temperate Coniferous Forests,Sierra Nevada forests,8,Lodgepole pine-subalpine forest,7,Boreal/Subalpine Forest,Lodgepole pine-subalpine forest
6,Boreal Forests/Taiga,Mid-Continental Canadian forests,0,unk,194,Boreal/Subalpine Forest,Mid-Continental Canadian forests
6,Boreal Forests/Taiga,Midwestern Canadian Shield forests,0,unk,284,Boreal/Subalpine Forest,Midwestern Canadian Shield forests
6,Boreal Forests/Taiga,Muskwa-Slave Lake forests,0,unk,140,Boreal/Subalpine Forest,Muskwa-Slave Lake forests
6,Boreal Forests/Taiga,Newfoundland Highland forests,0,unk,18,Boreal/Subalpine Forest,Newfoundland Highland forests
6,Boreal Forests/Taiga,Northeast Siberian taiga,0,unk,30,Boreal/Subalpine Forest,Northeast Siberian taiga
4,Temperate Broadleaf and Mixed Forests,Appalachian mixed mesophytic forests,87,Northeastern spruce-fir forest,2,Boreal/Subalpine Forest,Northeastern spruce-fir forest
4,Temperate Broadleaf and Mixed Forests,Appalachian-Blue Ridge forests,87,Northeastern spruce-fir forest,1,Boreal/Subalpine Forest,Northeastern spruce-fir forest
4,Temperate Broadleaf and Mixed Forests,Eastern forest-boreal transition,87,Northeastern spruce-fir forest,1,Boreal/Subalpine Forest,Northeastern spruce-fir forest
4,Temperate Broadleaf and Mixed Forests,New England-Acadian forests,87,Northeastern spruce-fir forest,17,Boreal/Subalpine Forest,Northeastern spruce-fir forest
6,Boreal Forests/Taiga,Northern Canadian Shield taiga,0,unk,318,Boreal/Subalpine Forest,Northern Canadian Shield taiga
6,Boreal Forests/Taiga,Northern Cordillera forests,0,unk,142,Boreal/Subalpine Forest,Northern Cordillera forests
4,Temperate Broadleaf and Mixed Forests,Western Great Lakes forests,98,Northern hardwoods-fir forest,49,Boreal/Subalpine Forest,Northern hardwoods-fir forest
5,Temperate Coniferous Forests,Northern transitional alpine forests,0,unk,22,Boreal/Subalpine Forest,Northern transitional alpine forests
6,Boreal Forests/Taiga,Northwest Territories taiga,0,unk,184,Boreal/Subalpine Forest,Northwest Territories taiga
5,Temperate Coniferous Forests,Sierra Nevada forests,7,Red fir forest,8,Boreal/Subalpine Forest,Red fir forest
6,Boreal Forests/Taiga,South Avalon-Burin oceanic barrens,0,unk,11,Boreal/Subalpine Forest,South Avalon-Burin oceanic barrens
4,Temperate Broadleaf and Mixed Forests,Appalachian-Blue Ridge forests,88,Southeastn spruce-fir forest,1,Boreal/Subalpine Forest,Southeastn spruce-fir forest
6,Boreal Forests/Taiga,Southern Hudson Bay taiga,0,unk,197,Boreal/Subalpine Forest,Southern Hudson Bay taiga
5,Temperate Coniferous Forests,Arizona Mountains forests,20,Southwestern-spruce-fir forest,2,Boreal/Subalpine Forest,Southwestern-spruce-fir forest
13,Deserts and Xeric Shrublands,Colorado Plateau shrublands,20,Southwestern-spruce-fir forest,1,Boreal/Subalpine Forest,Southwestern-spruce-fir forest
5,Temperate Coniferous Forests,Colorado Rockies forests,20,Southwestern-spruce-fir forest,4,Boreal/Subalpine Forest,Southwestern-spruce-fir forest
5,Temperate Coniferous Forests,Blue Mountains forests,14,Western spruce-fir forest,1,Boreal/Subalpine Forest,Western spruce-fir forest
5,Temperate Coniferous Forests,British Columbia mainland coastal forests,14,Western spruce-fir forest,4,Boreal/Subalpine Forest,Western spruce-fir forest
13,Deserts and Xeric Shrublands,Colorado Plateau shrublands,14,Western spruce-fir forest,1,Boreal/Subalpine Forest,Western spruce-fir forest
5,Temperate Coniferous Forests,Colorado Rockies forests,14,Western spruce-fir forest,60,Boreal/Subalpine Forest,Western spruce-fir forest
13,Deserts and Xeric Shrublands,Great Basin shrub steppe,14,Western spruce-fir forest,3,Boreal/Subalpine Forest,Western spruce-fir forest
8,"Temperate Grasslands, Savannas, and Shrublands",Montana Valley and Foothill grasslands,14,Western spruce-fir forest,1,Boreal/Subalpine Forest,Western spruce-fir forest
5,Temperate Coniferous Forests,North Central Rockies forests,10,Western ponderosa forest,34,Boreal/Subalpine Forest,Western spruce-fir forest
5,Temperate Coniferous Forests,North Central Rockies forests,14,Western spruce-fir forest,6,Boreal/Subalpine Forest,Western spruce-fir forest
13,Deserts and Xeric Shrublands,Snake-Columbia shrub steppe,14,Western spruce-fir forest,1,Boreal/Subalpine Forest,Western spruce-fir forest
5,Temperate Coniferous Forests,South Central Rockies forests,14,Western spruce-fir forest,25,Boreal/Subalpine Forest,Western spruce-fir forest
5,Temperate Coniferous Forests,Wasatch and Uinta montane forests,14,Western spruce-fir forest,2,Boreal/Subalpine Forest,Western spruce-fir forest
6,Boreal Forests/Taiga,Yukon Interior dry forests,0,unk,41,Boreal/Subalpine Forest,Yukon Interior dry forests
6,Boreal Forests/Taiga,Iceland boreal birch forests and alpine tundra,0,unk,55,Boreal/Subalpine Forest,
13,Deserts and Xeric Shrublands,Colorado Plateau shrublands,33,Blackbrush,20,Cool Desert,Blackbrush
13,Deserts and Xeric Shrublands,Colorado Plateau shrublands,51,Galleta-three awn shrubsteppe,2,Cool Desert,Galleta-three awn shrubsteppe
5,Temperate Coniferous Forests,Arizona Mountains forests,47,Grama-galleta steppe,1,Cool Desert,Grama-galleta steppe
13,Deserts and Xeric Shrublands,Colorado Plateau shrublands,47,Grama-galleta steppe,74,Cool Desert,Grama-galleta steppe
5,Temperate Coniferous Forests,Colorado Rockies forests,47,Grama-galleta steppe,1,Cool Desert,Grama-galleta steppe
8,"Temperate Grasslands, Savannas, and Shrublands",Western short grasslands,47,Grama-galleta steppe,1,Cool Desert,Grama-galleta steppe
13,Deserts and Xeric Shrublands,Colorado Plateau shrublands,32,Great Basin sagebrush,46,Cool Desert,Great Basin sagebrush
5,Temperate Coniferous Forests,Colorado Rockies forests,32,Great Basin sagebrush,6,Cool Desert,Great Basin sagebrush
5,Temperate Coniferous Forests,Eastern Cascades forests,32,Great Basin sagebrush,1,Cool Desert,Great Basin sagebrush
13,Deserts and Xeric Shrublands,Great Basin shrub steppe,32,Great Basin sagebrush,125,Cool Desert,Great Basin sagebrush
13,Deserts and Xeric Shrublands,Snake-Columbia shrub steppe,32,Great Basin sagebrush,1,Cool Desert,Great Basin sagebrush
5,Temperate Coniferous Forests,Wasatch and Uinta montane forests,32,Great Basin sagebrush,2,Cool Desert,Great Basin sagebrush
5,Temperate Coniferous Forests,Arizona Mountains forests,21,Juniper-pinyon woodland,55,Cool Desert,Juniper-pinyon woodland
12,"Mediterranean Forests, Woodlands, and Scrub",California montane chaparral and woodlands,21,Juniper-pinyon woodland,1,Cool Desert,Juniper-pinyon woodland
13,Deserts and Xeric Shrublands,Colorado Plateau shrublands,21,Juniper-pinyon woodland,145,Cool Desert,Juniper-pinyon woodland
5,Temperate Coniferous Forests,Colorado Rockies forests,21,Juniper-pinyon woodland,8,Cool Desert,Juniper-pinyon woodland
5,Temperate Coniferous Forests,Great Basin montane forests,21,Juniper-pinyon woodland,5,Cool Desert,Juniper-pinyon woodland
13,Deserts and Xeric Shrublands,Great Basin shrub steppe,21,Juniper-pinyon woodland,45,Cool Desert,Juniper-pinyon woodland
13,Deserts and Xeric Shrublands,Mojave desert,21,Juniper-pinyon woodland,10,Cool Desert,Juniper-pinyon woodland
5,Temperate Coniferous Forests,Sierra Nevada forests,21,Juniper-pinyon woodland,1,Cool Desert,Juniper-pinyon woodland
13,Deserts and Xeric Shrublands,Sonoran desert,21,Juniper-pinyon woodland,2,Cool Desert,Juniper-pinyon woodland
5,Temperate Coniferous Forests,Wasatch and Uinta montane forests,21,Juniper-pinyon woodland,15,Cool Desert,Juniper-pinyon woodland
8,"Temperate Grasslands, Savannas, and Shrublands",Western short grasslands,21,Juniper-pinyon woodland,6,Cool Desert,Juniper-pinyon woodland
13,Deserts and Xeric Shrublands,Wyoming Basin shrub steppe,21,Juniper-pinyon woodland,5,Cool Desert,Juniper-pinyon woodland
5,Temperate Coniferous Forests,Arizona Mountains forests,28,Transition between 27 and 31,20,Cool Desert,Mountain mahogany-oak scrub
13,Deserts and Xeric Shrublands,Chihuahuan desert,28,Transition between 27 and 31,2,Cool Desert,Mountain mahogany-oak scrub
13,Deserts and Xeric Shrublands,Colorado Plateau shrublands,31,Mountain mahogany-oak scrub,5,Cool Desert,Mountain mahogany-oak scrub
5,Temperate Coniferous Forests,Colorado Rockies forests,31,Mountain mahogany-oak scrub,4,Cool Desert,Mountain mahogany-oak scrub
13,Deserts and Xeric Shrublands,Great Basin shrub steppe,31,Mountain mahogany-oak scrub,10,Cool Desert,Mountain mahogany-oak scrub
13,Deserts and Xeric Shrublands,Sonoran desert,28,Transition between 27 and 31,1,Cool Desert,Mountain mahogany-oak scrub
5,Temperate Coniferous Forests,Wasatch and Uinta montane forests,31,Mountain mahogany-oak scrub,21,Cool Desert,Mountain mahogany-oak scrub
13,Deserts and Xeric Shrublands,Wyoming Basin shrub steppe,31,Mountain mahogany-oak scrub,3,Cool Desert,Mountain mahogany-oak scrub
5,Temperate Coniferous Forests,Blue Mountains forests,49,Sagebrush steppe,25,Cool Desert,Sagebrush steppe
13,Deserts and Xeric Shrublands,Colorado Plateau shrublands,49,Sagebrush steppe,3,Cool Desert,Sagebrush steppe
5,Temperate Coniferous Forests,Colorado Rockies forests,49,Sagebrush steppe,10,Cool Desert,Sagebrush steppe
5,Temperate Coniferous Forests,Eastern Cascades forests,49,Sagebrush steppe,25,Cool Desert,Sagebrush steppe
5,Temperate Coniferous Forests,Great Basin montane forests,49,Sagebrush steppe,1,Cool Desert,Sagebrush steppe
13,Deserts and Xeric Shrublands,Great Basin shrub steppe,49,Sagebrush steppe,56,Cool Desert,Sagebrush steppe
8,"Temperate Grasslands, Savannas, and Shrublands",Montana Valley and Foothill grasslands,49,Sagebrush steppe,8,Cool Desert,Sagebrush steppe
8,"Temperate Grasslands, Savannas, and Shrublands",Northern short grasslands,49,Sagebrush steppe,3,Cool Desert,Sagebrush steppe
8,"Temperate Grasslands, Savannas, and Shrublands",Palouse grasslands,49,Sagebrush steppe,1,Cool Desert,Sagebrush steppe
5,Temperate Coniferous Forests,Sierra Nevada forests,49,Sagebrush steppe,2,Cool Desert,Sagebrush steppe
13,Deserts and Xeric Shrublands,Snake-Columbia shrub steppe,49,Sagebrush steppe,246,Cool Desert,Sagebrush steppe
5,Temperate Coniferous Forests,South Central Rockies forests,49,Sagebrush steppe,20,Cool Desert,Sagebrush steppe
5,Temperate Coniferous Forests,Wasatch and Uinta montane forests,49,Sagebrush steppe,1,Cool Desert,Sagebrush steppe
13,Deserts and Xeric Shrublands,Wyoming Basin shrub steppe,49,Sagebrush steppe,84,Cool Desert,Sagebrush steppe
8,"Temperate Grasslands, Savannas, and Shrublands",Northern short grasslands,50,Wheatgrass-needlegrass shrubsteppe,1,Cool Desert,Wheatgrass-needlegrass shrubsteppe
5,Temperate Coniferous Forests,South Central Rockies forests,50,Wheatgrass-needlegrass shrubsteppe,3,Cool Desert,Wheatgrass-needlegrass shrubsteppe
13,Deserts and Xeric Shrublands,Wyoming Basin shrub steppe,50,Wheatgrass-needlegrass shrubsteppe,37,Cool Desert,Wheatgrass-needlegrass shrubsteppe
4,Temperate Broadleaf and Mixed Forests,Upper Midwest forest-savanna transition,85,Conifer bog,1,Cool Swamp,Conifer bog
4,Temperate Broadleaf and Mixed Forests,Western Great Lakes forests,85,Conifer bog,27,Cool Swamp,Conifer bog
4,Temperate Broadleaf and Mixed Forests,Southern Great Lakes forests,92,Elm-ash forest,40,Cool Swamp,Elm-ash forest
8,"Temperate Grasslands, Savannas, and Shrublands",Central and Southern mixed grasslands,89,Northern floodplain forest,30,Cool Swamp,Northern floodplain forest
8,"Temperate Grasslands, Savannas, and Shrublands",Central tall grasslands,89,Northern floodplain forest,19,Cool Swamp,Northern floodplain forest
8,"Temperate Grasslands, Savannas, and Shrublands",Flint Hills tall grasslands,89,Northern floodplain forest,8,Cool Swamp,Northern floodplain forest
8,"Temperate Grasslands, Savannas, and Shrublands",Montana Valley and Foothill grasslands,89,Northern floodplain forest,1,Cool Swamp,Northern floodplain forest
8,"Temperate Grasslands, Savannas, and Shrublands",Nebraska Sand Hills mixed grasslands,89,Northern floodplain forest,3,Cool Swamp,Northern floodplain forest
8,"Temperate Grasslands, Savannas, and Shrublands",Northern mixed grasslands,89,Northern floodplain forest,29,Cool Swamp,Northern floodplain forest
8,"Temperate Grasslands, Savannas, and Shrublands",Northern short grasslands,89,Northern floodplain forest,37,Cool Swamp,Northern floodplain forest
8,"Temperate Grasslands, Savannas, and Shrublands",Northern tall grasslands,89,Northern floodplain forest,15,Cool Swamp,Northern floodplain forest
4,Temperate Broadleaf and Mixed Forests,Upper Midwest forest-savanna transition,89,Northern floodplain forest,16,Cool Swamp,Northern floodplain forest
8,"Temperate Grasslands, Savannas, and Shrublands",Western short grasslands,89,Northern floodplain forest,16,Cool Swamp,Northern floodplain forest
5,Temperate Coniferous Forests,Atlantic coastal pine barrens,65,Northern cordgrass prairie,2,Cool Wetland,Northern cordgrass prairie
4,Temperate Broadleaf and Mixed Forests,Southeastern mixed forests,65,Northern cordgrass prairie,1,Cool Wetland,Northern cordgrass prairie
14,Mangroves,Amazon-Orinoco-Southern Caribbean mangroves,0,unk,13,Mangroves,Amazon-Orinoco-Southern Caribbean mangroves
14,Mangroves,Bahamian-Antillean mangroves,0,unk,17,Mangroves,Bahamian-Antillean mangroves
9,Wetlands,Everglades,96,Mangrove,6,Mangroves,Bahamian-Antillean mangroves
5,Temperate Coniferous Forests,Southeastern conifer forests,96,Mangrove,1,Mangroves,Bahamian-Antillean mangroves
14,Mangroves,Mesoamerican Gulf-Caribbean mangroves,0,unk,20,Mangroves,Mesoamerican Gulf-Caribbean mangroves
14,Mangroves,Northern Mesoamerican Pacific mangroves,0,unk,13,Mangroves,Northern Mesoamerican Pacific mangroves
14,Mangroves,South American Pacific mangroves,0,unk,5,Mangroves,South American Pacific mangroves
14,Mangroves,Southern Mesoamerican Pacific mangroves,0,unk,12,Mangroves,Southern Mesoamerican Pacific mangroves
8,"Temperate Grasslands, Savannas, and Shrublands",California Central Valley grasslands,26,California oakwoods,8,Mediterranean Scrub,California oakwoods
12,"Mediterranean Forests, Woodlands, and Scrub",California coastal sage and chaparral,26,California oakwoods,17,Mediterranean Scrub,California oakwoods
12,"Mediterranean Forests, Woodlands, and Scrub",California interior chaparral and woodlands,26,California oakwoods,53,Mediterranean Scrub,California oakwoods
12,"Mediterranean Forests, Woodlands, and Scrub",California interior chaparral and woodlands,0,unk,7,Mediterranean Scrub,California oakwoods
12,"Mediterranean Forests, Woodlands, and Scrub",California montane chaparral and woodlands,26,California oakwoods,11,Mediterranean Scrub,California oakwoods
5,Temperate Coniferous Forests,Northern California coastal forests,26,California oakwoods,1,Mediterranean Scrub,California oakwoods
5,Temperate Coniferous Forests,Sierra Nevada forests,26,California oakwoods,3,Mediterranean Scrub,California oakwoods
12,"Mediterranean Forests, Woodlands, and Scrub",California coastal sage and chaparral,29,Chaparral,24,Mediterranean Scrub,Chaparral
12,"Mediterranean Forests, Woodlands, and Scrub",California interior chaparral and woodlands,29,Chaparral,16,Mediterranean Scrub,Chaparral
12,"Mediterranean Forests, Woodlands, and Scrub",California montane chaparral and woodlands,29,Chaparral,14,Mediterranean Scrub,Chaparral
12,"Mediterranean Forests, Woodlands, and Scrub",California montane chaparral and woodlands,0,unk,2,Mediterranean Scrub,Chaparral
5,Temperate Coniferous Forests,Klamath-Siskiyou forests,29,Chaparral,4,Mediterranean Scrub,Chaparral
13,Deserts and Xeric Shrublands,Mojave desert,29,Chaparral,1,Mediterranean Scrub,Chaparral
5,Temperate Coniferous Forests,Sierra Nevada forests,29,Chaparral,2,Mediterranean Scrub,Chaparral
12,"Mediterranean Forests, Woodlands, and Scrub",California coastal sage and chaparral,30,Coastal sagebrush,33,Mediterranean Scrub,Coastal sagebrush
12,"Mediterranean Forests, Woodlands, and Scrub",California coastal sage and chaparral,0,unk,19,Mediterranean Scrub,Coastal sagebrush
12,"Mediterranean Forests, Woodlands, and Scrub",California interior chaparral and woodlands,30,Coastal sagebrush,3,Mediterranean Scrub,Coastal sagebrush
12,"Mediterranean Forests, Woodlands, and Scrub",California montane chaparral and woodlands,30,Coastal sagebrush,3,Mediterranean Scrub,Coastal sagebrush
5,Temperate Coniferous Forests,Northern California coastal forests,30,Coastal sagebrush,1,Mediterranean Scrub,Coastal sagebrush
10,Montane Grasslands and Shrublands,Cordillera de Merida páramo,0,unk,11,Montane Grassland,Cordillera de Merida páramo
7,"Tropical and subtropical grasslands, savannas, and shrublands",Hawaii tropical high shrublands,0,unk,13,Montane Grassland,Hawaii tropical high shrublands
10,Montane Grasslands and Shrublands,Northern Andean páramo,0,unk,5,Montane Grassland,Northern Andean páramo
10,Montane Grasslands and Shrublands,Santa Marta páramo,0,unk,10,Montane Grassland,Santa Marta páramo
99,Rock and Ice,Rock and Ice,0,unk,62,Rock and Ice,Rock and Ice
13,Deserts and Xeric Shrublands,Great Basin shrub steppe,39,Desert  vegetation largely absent,13,Salt Desert,Desert  vegetation largely absent
13,Deserts and Xeric Shrublands,Snake-Columbia shrub steppe,39,Desert  vegetation largely absent,2,Salt Desert,Desert  vegetation largely absent
8,"Temperate Grasslands, Savannas, and Shrublands",California Central Valley grasslands,34,Saltbush-greasewood,6,Salt Desert,Saltbush-greasewood
13,Deserts and Xeric Shrublands,Colorado Plateau shrublands,34,Saltbush-greasewood,50,Salt Desert,Saltbush-greasewood
5,Temperate Coniferous Forests,Colorado Rockies forests,34,Saltbush-greasewood,1,Salt Desert,Saltbush-greasewood
5,Temperate Coniferous Forests,Great Basin montane forests,34,Saltbush-greasewood,1,Salt Desert,Saltbush-greasewood
13,Deserts and Xeric Shrublands,Great Basin shrub steppe,34,Saltbush-greasewood,78,Salt Desert,Saltbush-greasewood
13,Deserts and Xeric Shrublands,Mojave desert,34,Saltbush-greasewood,17,Salt Desert,Saltbush-greasewood
13,Deserts and Xeric Shrublands,Snake-Columbia shrub steppe,34,Saltbush-greasewood,17,Salt Desert,Saltbush-greasewood
13,Deserts and Xeric Shrublands,Sonoran desert,34,Saltbush-greasewood,4,Salt Desert,Saltbush-greasewood
5,Temperate Coniferous Forests,Wasatch and Uinta montane forests,34,Saltbush-greasewood,2,Salt Desert,Saltbush-greasewood
13,Deserts and Xeric Shrublands,Wyoming Basin shrub steppe,34,Saltbush-greasewood,16,Salt Desert,Saltbush-greasewood
5,Temperate Coniferous Forests,Middle Atlantic coastal forests,81,Live oak-sea oats,7,Subtropical Mixed Forest,Live oak-sea oats
4,Temperate Broadleaf and Mixed Forests,Appalachian mixed mesophytic forests,102,Southern mixed forest,1,Subtropical Mixed Forest,Southern mixed forest
9,Wetlands,Everglades,102,Southern mixed forest,9,Subtropical Mixed Forest,Southern mixed forest
5,Temperate Coniferous Forests,Florida sand pine scrub,102,Southern mixed forest,9,Subtropical Mixed Forest,Southern mixed forest
5,Temperate Coniferous Forests,Middle Atlantic coastal forests,102,Southern mixed forest,19,Subtropical Mixed Forest,Southern mixed forest
4,Temperate Broadleaf and Mixed Forests,Mississippi lowland forests,102,Southern mixed forest,3,Subtropical Mixed Forest,Southern mixed forest
5,Temperate Coniferous Forests,Piney Woods forests,102,Southern mixed forest,16,Subtropical Mixed Forest,Southern mixed forest
5,Temperate Coniferous Forests,Southeastern conifer forests,102,Southern mixed forest,278,Subtropical Mixed Forest,Southern mixed forest
4,Temperate Broadleaf and Mixed Forests,Southeastern mixed forests,102,Southern mixed forest,1,Subtropical Mixed Forest,Southern mixed forest
7,"Tropical and subtropical grasslands, savannas, and shrublands",Western Gulf coastal grasslands,102,Southern mixed forest,3,Subtropical Mixed Forest,Southern mixed forest
5,Temperate Coniferous Forests,Alberta Mountain forests,0,unk,29,Temperate Coniferous Forest,Alberta Mountain forests
5,Temperate Coniferous Forests,Alberta-British Columbia foothills forests,0,unk,70,Temperate Coniferous Forest,Alberta-British Columbia foothills forests
12,"Mediterranean Forests, Woodlands, and Scrub",California interior chaparral and woodlands,25,California mixed evergreen forest,18,Temperate Coniferous Forest,California mixed evergreen forest
5,Temperate Coniferous Forests,Eastern Cascades forests,25,California mixed evergreen forest,1,Temperate Coniferous Forest,California mixed evergreen forest
5,Temperate Coniferous Forests,Klamath-Siskiyou forests,25,California mixed evergreen forest,23,Temperate Coniferous Forest,California mixed evergreen forest
5,Temperate Coniferous Forests,Northern California coastal forests,25,California mixed evergreen forest,11,Temperate Coniferous Forest,California mixed evergreen forest
5,Temperate Coniferous Forests,British Columbia mainland coastal forests,2,Cedar-hemlock-Douglas fir forest,2,Temperate Coniferous Forest,Cedar-hemlock-Douglas fir forest
5,Temperate Coniferous Forests,Central and Southern Cascades forests,2,Cedar-hemlock-Douglas fir forest,12,Temperate Coniferous Forest,Cedar-hemlock-Douglas fir forest
5,Temperate Coniferous Forests,Central Pacific coastal forests,2,Cedar-hemlock-Douglas fir forest,19,Temperate Coniferous Forest,Cedar-hemlock-Douglas fir forest
5,Temperate Coniferous Forests,Central Pacific coastal forests,24,Mosaic of numbers 2 and 22,2,Temperate Coniferous Forest,Cedar-hemlock-Douglas fir forest
5,Temperate Coniferous Forests,Klamath-Siskiyou forests,2,Cedar-hemlock-Douglas fir forest,1,Temperate Coniferous Forest,Cedar-hemlock-Douglas fir forest
5,Temperate Coniferous Forests,Northern California coastal forests,2,Cedar-hemlock-Douglas fir forest,1,Temperate Coniferous Forest,Cedar-hemlock-Douglas fir forest
5,Temperate Coniferous Forests,Puget lowland forests,2,Cedar-hemlock-Douglas fir forest,45,Temperate Coniferous Forest,Cedar-hemlock-Douglas fir forest
5,Temperate Coniferous Forests,Puget lowland forests,0,unk,18,Temperate Coniferous Forest,Cedar-hemlock-Douglas fir forest
4,Temperate Broadleaf and Mixed Forests,Willamette Valley forests,2,Cedar-hemlock-Douglas fir forest,25,Temperate Coniferous Forest,Cedar-hemlock-Douglas fir forest
5,Temperate Coniferous Forests,Central British Columbia Mountain forests,0,unk,46,Temperate Coniferous Forest,Central British Columbia Mountain forests
5,Temperate Coniferous Forests,Cascade Mountains leeward forests,0,unk,24,Temperate Coniferous Forest,Douglas fir forest
5,Temperate Coniferous Forests,Cascade Mountains leeward forests,11,Douglas fir forest,6,Temperate Coniferous Forest,Douglas fir forest
13,Deserts and Xeric Shrublands,Great Basin shrub steppe,11,Douglas fir forest,2,Temperate Coniferous Forest,Douglas fir forest
8,"Temperate Grasslands, Savannas, and Shrublands",Montana Valley and Foothill grasslands,11,Douglas fir forest,22,Temperate Coniferous Forest,Douglas fir forest
5,Temperate Coniferous Forests,North Central Rockies forests,0,unk,79,Temperate Coniferous Forest,Douglas fir forest
5,Temperate Coniferous Forests,North Central Rockies forests,11,Douglas fir forest,32,Temperate Coniferous Forest,Douglas fir forest
8,"Temperate Grasslands, Savannas, and Shrublands",Northern short grasslands,11,Douglas fir forest,3,Temperate Coniferous Forest,Douglas fir forest
5,Temperate Coniferous Forests,Okanagan dry forests,11,Douglas fir forest,11,Temperate Coniferous Forest,Douglas fir forest
8,"Temperate Grasslands, Savannas, and Shrublands",Palouse grasslands,11,Douglas fir forest,1,Temperate Coniferous Forest,Douglas fir forest
5,Temperate Coniferous Forests,South Central Rockies forests,11,Douglas fir forest,67,Temperate Coniferous Forest,Douglas fir forest
5,Temperate Coniferous Forests,Wasatch and Uinta montane forests,11,Douglas fir forest,14,Temperate Coniferous Forest,Douglas fir forest
5,Temperate Coniferous Forests,Fraser Plateau and Basin complex,0,unk,78,Temperate Coniferous Forest,Fraser Plateau and Basin complex
5,Temperate Coniferous Forests,Blue Mountains forests,13,Grand fir-Douglas fir forest,19,Temperate Coniferous Forest,Grand fir-Douglas fir forest
5,Temperate Coniferous Forests,North Central Rockies forests,13,Grand fir-Douglas fir forest,12,Temperate Coniferous Forest,Grand fir-Douglas fir forest
8,"Temperate Grasslands, Savannas, and Shrublands",Palouse grasslands,13,Grand fir-Douglas fir forest,1,Temperate Coniferous Forest,Grand fir-Douglas fir forest
5,Temperate Coniferous Forests,South Central Rockies forests,13,Grand fir-Douglas fir forest,18,Temperate Coniferous Forest,Grand fir-Douglas fir forest
12,"Mediterranean Forests, Woodlands, and Scrub",California interior chaparral and woodlands,5,Mixed conifer forest,2,Temperate Coniferous Forest,Mixed conifer forest
12,"Mediterranean Forests, Woodlands, and Scrub",California montane chaparral and woodlands,5,Mixed conifer forest,5,Temperate Coniferous Forest,Mixed conifer forest
5,Temperate Coniferous Forests,Eastern Cascades forests,5,Mixed conifer forest,6,Temperate Coniferous Forest,Mixed conifer forest
13,Deserts and Xeric Shrublands,Great Basin shrub steppe,5,Mixed conifer forest,1,Temperate Coniferous Forest,Mixed conifer forest
5,Temperate Coniferous Forests,Klamath-Siskiyou forests,5,Mixed conifer forest,24,Temperate Coniferous Forest,Mixed conifer forest
5,Temperate Coniferous Forests,Sierra Nevada forests,5,Mixed conifer forest,54,Temperate Coniferous Forest,Mixed conifer forest
5,Temperate Coniferous Forests,Northern Pacific coastal forests,0,unk,67,Temperate Coniferous Forest,Northern Pacific coastal forests
5,Temperate Coniferous Forests,Queen Charlotte Islands,0,unk,14,Temperate Coniferous Forest,Queen Charlotte Islands
5,Temperate Coniferous Forests,Northern California coastal forests,6,Redwood forest,13,Temperate Coniferous Forest,Redwood forest
5,Temperate Coniferous Forests,Northern California coastal forests,0,unk,10,Temperate Coniferous Forest,Redwood forest
5,Temperate Coniferous Forests,British Columbia mainland coastal forests,0,unk,73,Temperate Coniferous Forest,Silver fir-Douglas fir forest
5,Temperate Coniferous Forests,British Columbia mainland coastal forests,3,Silver fir-Douglas fir forest,4,Temperate Coniferous Forest,Silver fir-Douglas fir forest
5,Temperate Coniferous Forests,Cascade Mountains leeward forests,3,Silver fir-Douglas fir forest,2,Temperate Coniferous Forest,Silver fir-Douglas fir forest
5,Temperate Coniferous Forests,Central and Southern Cascades forests,3,Silver fir-Douglas fir forest,35,Temperate Coniferous Forest,Silver fir-Douglas fir forest
5,Temperate Coniferous Forests,Eastern Cascades forests,3,Silver fir-Douglas fir forest,3,Temperate Coniferous Forest,Silver fir-Douglas fir forest
5,Temperate Coniferous Forests,Klamath-Siskiyou forests,3,Silver fir-Douglas fir forest,2,Temperate Coniferous Forest,Silver fir-Douglas fir forest
5,Temperate Coniferous Forests,Central Pacific coastal forests,0,unk,40,Temperate Coniferous Forest,Spruce-cedar-hemlock forest
5,Temperate Coniferous Forests,Central Pacific coastal forests,1,Spruce-cedar-hemlock forest,24,Temperate Coniferous Forest,Spruce-cedar-hemlock forest
4,Temperate Broadleaf and Mixed Forests,Northeastern coastal forests,1,Spruce-cedar-hemlock forest,1,Temperate Coniferous Forest,Spruce-cedar-hemlock forest
5,Temperate Coniferous Forests,Northern California coastal forests,1,Spruce-cedar-hemlock forest,1,Temperate Coniferous Forest,Spruce-cedar-hemlock forest
13,Deserts and Xeric Shrublands,Great Basin shrub steppe,19,Spruce-fir-Douglas fir forest,2,Temperate Coniferous Forest,Spruce-fir-Douglas fir forest
5,Temperate Coniferous Forests,Wasatch and Uinta montane forests,19,Spruce-fir-Douglas fir forest,6,Temperate Coniferous Forest,Spruce-fir-Douglas fir forest
4,Temperate Broadleaf and Mixed Forests,Allegheny Highlands forests,95,Appalachian oak forest,34,Temperate Deciduous Forest,Appalachian oak forest
4,Temperate Broadleaf and Mixed Forests,Appalachian mixed mesophytic forests,95,Appalachian oak forest,91,Temperate Deciduous Forest,Appalachian oak forest
4,Temperate Broadleaf and Mixed Forests,Appalachian-Blue Ridge forests,95,Appalachian oak forest,205,Temperate Deciduous Forest,Appalachian oak forest
5,Temperate Coniferous Forests,Atlantic coastal pine barrens,95,Appalachian oak forest,1,Temperate Deciduous Forest,Appalachian oak forest
4,Temperate Broadleaf and Mixed Forests,New England-Acadian forests,95,Appalachian oak forest,4,Temperate Deciduous Forest,Appalachian oak forest
4,Temperate Broadleaf and Mixed Forests,Northeastern coastal forests,95,Appalachian oak forest,175,Temperate Deciduous Forest,Appalachian oak forest
4,Temperate Broadleaf and Mixed Forests,Northeastern coastal forests,0,unk,16,Temperate Deciduous Forest,Appalachian oak forest
4,Temperate Broadleaf and Mixed Forests,Southeastern mixed forests,95,Appalachian oak forest,9,Temperate Deciduous Forest,Appalachian oak forest
4,Temperate Broadleaf and Mixed Forests,Southern Great Lakes forests,95,Appalachian oak forest,8,Temperate Deciduous Forest,Appalachian oak forest
4,Temperate Broadleaf and Mixed Forests,Allegheny Highlands forests,93,Beech-maple forest,3,Temperate Deciduous Forest,Beech-maple forest
4,Temperate Broadleaf and Mixed Forests,Appalachian mixed mesophytic forests,93,Beech-maple forest,1,Temperate Deciduous Forest,Beech-maple forest
4,Temperate Broadleaf and Mixed Forests,Central U.S. hardwood forests,93,Beech-maple forest,21,Temperate Deciduous Forest,Beech-maple forest
4,Temperate Broadleaf and Mixed Forests,Eastern forest-boreal transition,93,Beech-maple forest,1,Temperate Deciduous Forest,Beech-maple forest
4,Temperate Broadleaf and Mixed Forests,Eastern Great Lakes lowland forests,93,Beech-maple forest,7,Temperate Deciduous Forest,Beech-maple forest
4,Temperate Broadleaf and Mixed Forests,Southern Great Lakes forests,93,Beech-maple forest,178,Temperate Deciduous Forest,Beech-maple forest
4,Temperate Broadleaf and Mixed Forests,Southern Great Lakes forests,0,unk,25,Temperate Deciduous Forest,Beech-maple forest
8,"Temperate Grasslands, Savannas, and Shrublands",Central forest-grasslands transition,90,Maple-basswood forest,1,Temperate Deciduous Forest,Maple-basswood forest
8,"Temperate Grasslands, Savannas, and Shrublands",Central tall grasslands,90,Maple-basswood forest,6,Temperate Deciduous Forest,Maple-basswood forest
4,Temperate Broadleaf and Mixed Forests,Upper Midwest forest-savanna transition,90,Maple-basswood forest,90,Temperate Deciduous Forest,Maple-basswood forest
4,Temperate Broadleaf and Mixed Forests,Western Great Lakes forests,90,Maple-basswood forest,7,Temperate Deciduous Forest,Maple-basswood forest
4,Temperate Broadleaf and Mixed Forests,Appalachian mixed mesophytic forests,94,Mixed mesophytic forest,177,Temperate Deciduous Forest,Mixed mesophytic forest
4,Temperate Broadleaf and Mixed Forests,Appalachian-Blue Ridge forests,94,Mixed mesophytic forest,4,Temperate Deciduous Forest,Mixed mesophytic forest
4,Temperate Broadleaf and Mixed Forests,Southern Great Lakes forests,94,Mixed mesophytic forest,2,Temperate Deciduous Forest,Mixed mesophytic forest
8,"Temperate Grasslands, Savannas, and Shrublands",Canadian Aspen forests and parklands,72,Oak savanna,1,Temperate Deciduous Forest,Oak savanna
8,"Temperate Grasslands, Savannas, and Shrublands",Central forest-grasslands transition,72,Oak savanna,3,Temperate Deciduous Forest,Oak savanna
8,"Temperate Grasslands, Savannas, and Shrublands",Central tall grasslands,72,Oak savanna,4,Temperate Deciduous Forest,Oak savanna
8,"Temperate Grasslands, Savannas, and Shrublands",Northern mixed grasslands,72,Oak savanna,2,Temperate Deciduous Forest,Oak savanna
8,"Temperate Grasslands, Savannas, and Shrublands",Northern tall grasslands,72,Oak savanna,3,Temperate Deciduous Forest,Oak savanna
4,Temperate Broadleaf and Mixed Forests,Upper Midwest forest-savanna transition,72,Oak savanna,97,Temperate Deciduous Forest,Oak savanna
4,Temperate Broadleaf and Mixed Forests,Upper Midwest forest-savanna transition,0,unk,6,Temperate Deciduous Forest,Oak savanna
4,Temperate Broadleaf and Mixed Forests,Appalachian mixed mesophytic forests,91,Oak-hickory forest,5,Temperate Deciduous Forest,Oak-hickory forest
8,"Temperate Grasslands, Savannas, and Shrublands",Central forest-grasslands transition,91,Oak-hickory forest,204,Temperate Deciduous Forest,Oak-hickory forest
8,"Temperate Grasslands, Savannas, and Shrublands",Central tall grasslands,91,Oak-hickory forest,75,Temperate Deciduous Forest,Oak-hickory forest
4,Temperate Broadleaf and Mixed Forests,Central U.S. hardwood forests,91,Oak-hickory forest,361,Temperate Deciduous Forest,Oak-hickory forest
4,Temperate Broadleaf and Mixed Forests,Central U.S. hardwood forests,73,Mosaic of numbers 66 and 91,14,Temperate Deciduous Forest,Oak-hickory forest
4,Temperate Broadleaf and Mixed Forests,East Central Texas forests,91,Oak-hickory forest,32,Temperate Deciduous Forest,Oak-hickory forest
8,"Temperate Grasslands, Savannas, and Shrublands",Flint Hills tall grasslands,91,Oak-hickory forest,1,Temperate Deciduous Forest,Oak-hickory forest
4,Temperate Broadleaf and Mixed Forests,Mississippi lowland forests,91,Oak-hickory forest,13,Temperate Deciduous Forest,Oak-hickory forest
4,Temperate Broadleaf and Mixed Forests,Ozark Mountain forests,91,Oak-hickory forest,26,Temperate Deciduous Forest,Oak-hickory forest
4,Temperate Broadleaf and Mixed Forests,Ozark Mountain forests,73,Mosaic of numbers 66 and 91,1,Temperate Deciduous Forest,Oak-hickory forest
4,Temperate Broadleaf and Mixed Forests,Southeastern mixed forests,91,Oak-hickory forest,9,Temperate Deciduous Forest,Oak-hickory forest
4,Temperate Broadleaf and Mixed Forests,Southern Great Lakes forests,91,Oak-hickory forest,112,Temperate Deciduous Forest,Oak-hickory forest
4,Temperate Broadleaf and Mixed Forests,Southern Great Lakes forests,73,Mosaic of numbers 66 and 91,13,Temperate Deciduous Forest,Oak-hickory forest
8,"Temperate Grasslands, Savannas, and Shrublands",Texas blackland prairies,91,Oak-hickory forest,15,Temperate Deciduous Forest,Oak-hickory forest
5,Temperate Coniferous Forests,Klamath-Siskiyou forests,22,Oregon oakwoods,9,Temperate Deciduous Forest,Oregon oakwoods
5,Temperate Coniferous Forests,Klamath-Siskiyou forests,24,Mosaic of numbers 2 and 22,2,Temperate Deciduous Forest,Oregon oakwoods
4,Temperate Broadleaf and Mixed Forests,Willamette Valley forests,24,Mosaic of numbers 2 and 22,28,Temperate Deciduous Forest,Oregon oakwoods
4,Temperate Broadleaf and Mixed Forests,Celtic broadleaf forests,0,unk,90,Temperate Deciduous Forest,
4,Temperate Broadleaf and Mixed Forests,North Atlantic moist mixed forests,0,unk,27,Temperate Deciduous Forest,
4,Temperate Broadleaf and Mixed Forests,Southeastern mixed forests,80,Blackbelt,22,Temperate Grassland,Blackbelt
8,"Temperate Grasslands, Savannas, and Shrublands",Central and Southern mixed grasslands,68,Blackland prairie,3,Temperate Grassland,Blackland prairie
8,"Temperate Grasslands, Savannas, and Shrublands",Central forest-grasslands transition,68,Blackland prairie,25,Temperate Grassland,Blackland prairie
8,"Temperate Grasslands, Savannas, and Shrublands",Edwards Plateau savanna,68,Blackland prairie,1,Temperate Grassland,Blackland prairie
8,"Temperate Grasslands, Savannas, and Shrublands",Texas blackland prairies,68,Blackland prairie,52,Temperate Grassland,Blackland prairie
8,"Temperate Grasslands, Savannas, and Shrublands",Central and Southern mixed grasslands,66,Bluestem prairie,45,Temperate Grassland,Bluestem prairie
8,"Temperate Grasslands, Savannas, and Shrublands",Central forest-grasslands transition,73,Mosaic of numbers 66 and 91,255,Temperate Grassland,Bluestem prairie
8,"Temperate Grasslands, Savannas, and Shrublands",Central forest-grasslands transition,66,Bluestem prairie,8,Temperate Grassland,Bluestem prairie
8,"Temperate Grasslands, Savannas, and Shrublands",Central tall grasslands,66,Bluestem prairie,228,Temperate Grassland,Bluestem prairie
8,"Temperate Grasslands, Savannas, and Shrublands",Central tall grasslands,73,Mosaic of numbers 66 and 91,43,Temperate Grassland,Bluestem prairie
8,"Temperate Grasslands, Savannas, and Shrublands",Flint Hills tall grasslands,66,Bluestem prairie,33,Temperate Grassland,Bluestem prairie
8,"Temperate Grasslands, Savannas, and Shrublands",Northern mixed grasslands,66,Bluestem prairie,8,Temperate Grassland,Bluestem prairie
8,"Temperate Grasslands, Savannas, and Shrublands",Northern tall grasslands,66,Bluestem prairie,38,Temperate Grassland,Bluestem prairie
8,"Temperate Grasslands, Savannas, and Shrublands",Northern tall grasslands,0,unk,18,Temperate Grassland,Bluestem prairie
4,Temperate Broadleaf and Mixed Forests,Upper Midwest forest-savanna transition,66,Bluestem prairie,17,Temperate Grassland,Bluestem prairie
8,"Temperate Grasslands, Savannas, and Shrublands",Central and Southern mixed grasslands,62,Bluestem-grama prairie,145,Temperate Grassland,Bluestem-grama prairie
8,"Temperate Grasslands, Savannas, and Shrublands",Central forest-grasslands transition,62,Bluestem-grama prairie,1,Temperate Grassland,Bluestem-grama prairie
8,"Temperate Grasslands, Savannas, and Shrublands",Western short grasslands,62,Bluestem-grama prairie,13,Temperate Grassland,Bluestem-grama prairie
4,Temperate Broadleaf and Mixed Forests,East Central Texas forests,69,Bluestem-sacahuista prairie,2,Temperate Grassland,Bluestem-sacahuista prairie
4,Temperate Broadleaf and Mixed Forests,Mississippi lowland forests,69,Bluestem-sacahuista prairie,5,Temperate Grassland,Bluestem-sacahuista prairie
8,"Temperate Grasslands, Savannas, and Shrublands",California Central Valley grasslands,41,California steppe,66,Temperate Grassland,California steppe
12,"Mediterranean Forests, Woodlands, and Scrub",California coastal sage and chaparral,41,California steppe,13,Temperate Grassland,California steppe
12,"Mediterranean Forests, Woodlands, and Scrub",California interior chaparral and woodlands,41,California steppe,20,Temperate Grassland,California steppe
12,"Mediterranean Forests, Woodlands, and Scrub",California montane chaparral and woodlands,41,California steppe,1,Temperate Grassland,California steppe
4,Temperate Broadleaf and Mixed Forests,Central U.S. hardwood forests,74,Cedar glades,20,Temperate Grassland,Cedar glades
8,"Temperate Grasslands, Savannas, and Shrublands",Central and Southern mixed grasslands,75,Cross timbers,12,Temperate Grassland,Cross timbers
8,"Temperate Grasslands, Savannas, and Shrublands",Central forest-grasslands transition,75,Cross timbers,94,Temperate Grassland,Cross timbers
8,"Temperate Grasslands, Savannas, and Shrublands",Flint Hills tall grasslands,75,Cross timbers,4,Temperate Grassland,Cross timbers
4,Temperate Broadleaf and Mixed Forests,Ozark Mountain forests,75,Cross timbers,4,Temperate Grassland,Cross timbers
8,"Temperate Grasslands, Savannas, and Shrublands",Texas blackland prairies,75,Cross timbers,7,Temperate Grassland,Cross timbers
4,Temperate Broadleaf and Mixed Forests,East Central Texas forests,79,Fayette prairie,1,Temperate Grassland,Fayette prairie
8,"Temperate Grasslands, Savannas, and Shrublands",Texas blackland prairies,79,Fayette prairie,15,Temperate Grassland,Fayette prairie
13,Deserts and Xeric Shrublands,Colorado Plateau shrublands,46,Fescue-mountain muhly prairie,7,Temperate Grassland,Fescue-mountain muhly prairie
5,Temperate Coniferous Forests,Colorado Rockies forests,46,Fescue-mountain muhly prairie,4,Temperate Grassland,Fescue-mountain muhly prairie
12,"Mediterranean Forests, Woodlands, and Scrub",California interior chaparral and woodlands,40,Fescue-oatgrass,12,Temperate Grassland,Fescue-oatgrass
5,Temperate Coniferous Forests,Northern California coastal forests,40,Fescue-oatgrass,1,Temperate Grassland,Fescue-oatgrass
5,Temperate Coniferous Forests,Cascade Mountains leeward forests,43,Fescue-wheatgrass,3,Temperate Grassland,Fescue-wheatgrass
5,Temperate Coniferous Forests,North Central Rockies forests,43,Fescue-wheatgrass,2,Temperate Grassland,Fescue-wheatgrass
8,"Temperate Grasslands, Savannas, and Shrublands",Palouse grasslands,43,Fescue-wheatgrass,31,Temperate Grassland,Fescue-wheatgrass
8,"Temperate Grasslands, Savannas, and Shrublands",Montana Valley and Foothill grasslands,56,Foothills prairie,53,Temperate Grassland,Foothills prairie
8,"Temperate Grasslands, Savannas, and Shrublands",Montana Valley and Foothill grasslands,0,unk,7,Temperate Grassland,Foothills prairie
5,Temperate Coniferous Forests,North Central Rockies forests,56,Foothills prairie,10,Temperate Grassland,Foothills prairie
8,"Temperate Grasslands, Savannas, and Shrublands",Northern short grasslands,56,Foothills prairie,2,Temperate Grassland,Foothills prairie
5,Temperate Coniferous Forests,South Central Rockies forests,56,Foothills prairie,2,Temperate Grassland,Foothills prairie
8,"Temperate Grasslands, Savannas, and Shrublands",Central and Southern mixed grasslands,58,Grama-buffalo grass,8,Temperate Grassland,Grama-buffalo grass
5,Temperate Coniferous Forests,Colorado Rockies forests,58,Grama-buffalo grass,11,Temperate Grassland,Grama-buffalo grass
8,"Temperate Grasslands, Savannas, and Shrublands",Northern short grasslands,58,Grama-buffalo grass,2,Temperate Grassland,Grama-buffalo grass
8,"Temperate Grasslands, Savannas, and Shrublands",Western short grasslands,58,Grama-buffalo grass,401,Temperate Grassland,Grama-buffalo grass
5,Temperate Coniferous Forests,Colorado Rockies forests,57,Grama-needlegrass-wheatgrass,4,Temperate Grassland,Grama-needlegrass-wheatgrass
8,"Temperate Grasslands, Savannas, and Shrublands",Montana Valley and Foothill grasslands,57,Grama-needlegrass-wheatgrass,9,Temperate Grassland,Grama-needlegrass-wheatgrass
8,"Temperate Grasslands, Savannas, and Shrublands",Northern short grasslands,57,Grama-needlegrass-wheatgrass,188,Temperate Grassland,Grama-needlegrass-wheatgrass
5,Temperate Coniferous Forests,South Central Rockies forests,57,Grama-needlegrass-wheatgrass,1,Temperate Grassland,Grama-needlegrass-wheatgrass
8,"Temperate Grasslands, Savannas, and Shrublands",Western short grasslands,57,Grama-needlegrass-wheatgrass,2,Temperate Grassland,Grama-needlegrass-wheatgrass
13,Deserts and Xeric Shrublands,Wyoming Basin shrub steppe,57,Grama-needlegrass-wheatgrass,16,Temperate Grassland,Grama-needlegrass-wheatgrass
8,"Temperate Grasslands, Savannas, and Shrublands",Central and Southern mixed grasslands,67,Sandhills prairie,19,Temperate Grassland,Sandhills prairie
8,"Temperate Grasslands, Savannas, and Shrublands",Central tall grasslands,67,Sandhills prairie,1,Temperate Grassland,Sandhills prairie
8,"Temperate Grasslands, Savannas, and Shrublands",Nebraska Sand Hills mixed grasslands,67,Sandhills prairie,57,Temperate Grassland,Sandhills prairie
8,"Temperate Grasslands, Savannas, and Shrublands",Northern mixed grasslands,67,Sandhills prairie,3,Temperate Grassland,Sandhills prairie
8,"Temperate Grasslands, Savannas, and Shrublands",Northern short grasslands,67,Sandhills prairie,1,Temperate Grassland,Sandhills prairie
8,"Temperate Grasslands, Savannas, and Shrublands",Central and Southern mixed grasslands,63,Sandsage-bluestem prairie,4,Temperate Grassland,Sandsage-bluestem prairie
8,"Temperate Grasslands, Savannas, and Shrublands",Nebraska Sand Hills mixed grasslands,63,Sandsage-bluestem prairie,2,Temperate Grassland,Sandsage-bluestem prairie
8,"Temperate Grasslands, Savannas, and Shrublands",Western short grasslands,63,Sandsage-bluestem prairie,24,Temperate Grassland,Sandsage-bluestem prairie
8,"Temperate Grasslands, Savannas, and Shrublands",Central and Southern mixed grasslands,64,Shinnery,4,Temperate Grassland,Shinnery
8,"Temperate Grasslands, Savannas, and Shrublands",Western short grasslands,64,Shinnery,22,Temperate Grassland,Shinnery
5,Temperate Coniferous Forests,Blue Mountains forests,44,Wheatgrass-bluegrass,18,Temperate Grassland,Wheatgrass-bluegrass
13,Deserts and Xeric Shrublands,Great Basin shrub steppe,44,Wheatgrass-bluegrass,3,Temperate Grassland,Wheatgrass-bluegrass
8,"Temperate Grasslands, Savannas, and Shrublands",Palouse grasslands,44,Wheatgrass-bluegrass,35,Temperate Grassland,Wheatgrass-bluegrass
13,Deserts and Xeric Shrublands,Snake-Columbia shrub steppe,44,Wheatgrass-bluegrass,7,Temperate Grassland,Wheatgrass-bluegrass
8,"Temperate Grasslands, Savannas, and Shrublands",Canadian Aspen forests and parklands,0,unk,206,Temperate Grassland,Wheatgrass-bluestem-needlegrass
8,"Temperate Grasslands, Savannas, and Shrublands",Canadian Aspen forests and parklands,60,Wheatgrass-bluestem-needlegrass,5,Temperate Grassland,Wheatgrass-bluestem-needlegrass
8,"Temperate Grasslands, Savannas, and Shrublands",Central and Southern mixed grasslands,60,Wheatgrass-bluestem-needlegrass,37,Temperate Grassland,Wheatgrass-bluestem-needlegrass
8,"Temperate Grasslands, Savannas, and Shrublands",Nebraska Sand Hills mixed grasslands,60,Wheatgrass-bluestem-needlegrass,11,Temperate Grassland,Wheatgrass-bluestem-needlegrass
8,"Temperate Grasslands, Savannas, and Shrublands",Northern mixed grasslands,60,Wheatgrass-bluestem-needlegrass,91,Temperate Grassland,Wheatgrass-bluestem-needlegrass
8,"Temperate Grasslands, Savannas, and Shrublands",Northern mixed grasslands,0,unk,63,Temperate Grassland,Wheatgrass-bluestem-needlegrass
8,"Temperate Grasslands, Savannas, and Shrublands",Northern short grasslands,60,Wheatgrass-bluestem-needlegrass,11,Temperate Grassland,Wheatgrass-bluestem-needlegrass
8,"Temperate Grasslands, Savannas, and Shrublands",Western short grasslands,60,Wheatgrass-bluestem-needlegrass,5,Temperate Grassland,Wheatgrass-bluestem-needlegrass
8,"Temperate Grasslands, Savannas, and Shrublands",Nebraska Sand Hills mixed grasslands,59,Wheatgrass-needlegrass,1,Temperate Grassland,Wheatgrass-needlegrass
8,"Temperate Grasslands, Savannas, and Shrublands",Northern mixed grasslands,59,Wheatgrass-needlegrass,5,Temperate Grassland,Wheatgrass-needlegrass
8,"Temperate Grasslands, Savannas, and Shrublands",Northern short grasslands,59,Wheatgrass-needlegrass,281,Temperate Grassland,Wheatgrass-needlegrass
8,"Temperate Grasslands, Savannas, and Shrublands",Northern short grasslands,0,unk,89,Temperate Grassland,Wheatgrass-needlegrass
5,Temperate Coniferous Forests,South Central Rockies forests,59,Wheatgrass-needlegrass,1,Temperate Grassland,Wheatgrass-needlegrass
8,"Temperate Grasslands, Savannas, and Shrublands",Western short grasslands,59,Wheatgrass-needlegrass,6,Temperate Grassland,Wheatgrass-needlegrass
8,"Temperate Grasslands, Savannas, and Shrublands",Faroe Islands boreal grasslands,0,unk,9,Temperate Grassland,
4,Temperate Broadleaf and Mixed Forests,Gulf of St. Lawrence lowland forests,0,unk,29,Temperate Mixed Forest,Gulf of St. Lawrence lowland forests
4,Temperate Broadleaf and Mixed Forests,Allegheny Highlands forests,99,Northern hardwods-spruce forest,1,Temperate Mixed Forest,Northern hardwods-spruce forest
4,Temperate Broadleaf and Mixed Forests,Eastern forest-boreal transition,0,unk,173,Temperate Mixed Forest,Northern hardwods-spruce forest
4,Temperate Broadleaf and Mixed Forests,Eastern forest-boreal transition,99,Northern hardwods-spruce forest,15,Temperate Mixed Forest,Northern hardwods-spruce forest
4,Temperate Broadleaf and Mixed Forests,New England-Acadian forests,99,Northern hardwods-spruce forest,74,Temperate Mixed Forest,Northern hardwods-spruce forest
4,Temperate Broadleaf and Mixed Forests,New England-Acadian forests,0,unk,67,Temperate Mixed Forest,Northern hardwods-spruce forest
4,Temperate Broadleaf and Mixed Forests,Northeastern coastal forests,99,Northern hardwods-spruce forest,11,Temperate Mixed Forest,Northern hardwods-spruce forest
4,Temperate Broadleaf and Mixed Forests,Allegheny Highlands forests,97,Northern hardwoods,112,Temperate Mixed Forest,Northern hardwoods
4,Temperate Broadleaf and Mixed Forests,Appalachian mixed mesophytic forests,97,Northern hardwoods,21,Temperate Mixed Forest,Northern hardwoods
4,Temperate Broadleaf and Mixed Forests,Appalachian-Blue Ridge forests,97,Northern hardwoods,26,Temperate Mixed Forest,Northern hardwoods
4,Temperate Broadleaf and Mixed Forests,Eastern forest-boreal transition,97,Northern hardwoods,14,Temperate Mixed Forest,Northern hardwoods
4,Temperate Broadleaf and Mixed Forests,Eastern Great Lakes lowland forests,0,unk,53,Temperate Mixed Forest,Northern hardwoods
4,Temperate Broadleaf and Mixed Forests,Eastern Great Lakes lowland forests,97,Northern hardwoods,35,Temperate Mixed Forest,Northern hardwoods
4,Temperate Broadleaf and Mixed Forests,New England-Acadian forests,97,Northern hardwoods,113,Temperate Mixed Forest,Northern hardwoods
4,Temperate Broadleaf and Mixed Forests,Northeastern coastal forests,97,Northern hardwoods,66,Temperate Mixed Forest,Northern hardwoods
4,Temperate Broadleaf and Mixed Forests,Southern Great Lakes forests,97,Northern hardwoods,27,Temperate Mixed Forest,Northern hardwoods
4,Temperate Broadleaf and Mixed Forests,Upper Midwest forest-savanna transition,97,Northern hardwoods,69,Temperate Mixed Forest,Northern hardwoods
4,Temperate Broadleaf and Mixed Forests,Western Great Lakes forests,97,Northern hardwoods,45,Temperate Mixed Forest,Northern hardwoods
5,Temperate Coniferous Forests,Arizona Mountains forests,18,Arizona pine forest,20,Temperate Pine Forest,Arizona pine forest
13,Deserts and Xeric Shrublands,Colorado Plateau shrublands,18,Arizona pine forest,2,Temperate Pine Forest,Arizona pine forest
13,Deserts and Xeric Shrublands,Great Basin shrub steppe,18,Arizona pine forest,1,Temperate Pine Forest,Arizona pine forest
5,Temperate Coniferous Forests,Wasatch and Uinta montane forests,18,Arizona pine forest,2,Temperate Pine Forest,Arizona pine forest
8,"Temperate Grasslands, Savannas, and Shrublands",Northern short grasslands,16,Black Hills pine forest,7,Temperate Pine Forest,Black Hills pine forest
5,Temperate Coniferous Forests,South Central Rockies forests,16,Black Hills pine forest,15,Temperate Pine Forest,Black Hills pine forest
5,Temperate Coniferous Forests,North Central Rockies forests,12,Ceder-hemlock-pine forest,20,Temperate Pine Forest,Ceder-hemlock-pine forest
8,"Temperate Grasslands, Savannas, and Shrublands",Montana Valley and Foothill grasslands,15,Eastern ponderosa forest,1,Temperate Pine Forest,Eastern ponderosa forest
8,"Temperate Grasslands, Savannas, and Shrublands",Nebraska Sand Hills mixed grasslands,15,Eastern ponderosa forest,1,Temperate Pine Forest,Eastern ponderosa forest
8,"Temperate Grasslands, Savannas, and Shrublands",Northern short grasslands,15,Eastern ponderosa forest,23,Temperate Pine Forest,Eastern ponderosa forest
8,"Temperate Grasslands, Savannas, and Shrublands",Western short grasslands,15,Eastern ponderosa forest,2,Temperate Pine Forest,Eastern ponderosa forest
4,Temperate Broadleaf and Mixed Forests,Southern Great Lakes forests,86,Great Lakes pine forest,16,Temperate Pine Forest,Great Lakes pine forest
4,Temperate Broadleaf and Mixed Forests,Upper Midwest forest-savanna transition,86,Great Lakes pine forest,18,Temperate Pine Forest,Great Lakes pine forest
4,Temperate Broadleaf and Mixed Forests,Western Great Lakes forests,86,Great Lakes pine forest,84,Temperate Pine Forest,Great Lakes pine forest
4,Temperate Broadleaf and Mixed Forests,Western Great Lakes forests,0,unk,60,Temperate Pine Forest,Great Lakes pine forest
5,Temperate Coniferous Forests,Atlantic coastal pine barrens,100,Northeastern oak-pine forest,32,Temperate Pine Forest,Northeastern oak-pine forest
5,Temperate Coniferous Forests,Atlantic coastal pine barrens,0,unk,4,Temperate Pine Forest,Northeastern oak-pine forest
4,Temperate Broadleaf and Mixed Forests,Northeastern coastal forests,100,Northeastern oak-pine forest,1,Temperate Pine Forest,Northeastern oak-pine forest
4,Temperate Broadleaf and Mixed Forests,Appalachian mixed mesophytic forests,101,Oak-hickory-pine forest,38,Temperate Pine Forest,Oak-hickory-pine forest
4,Temperate Broadleaf and Mixed Forests,Appalachian-Blue Ridge forests,101,Oak-hickory-pine forest,63,Temperate Pine Forest,Oak-hickory-pine forest
8,"Temperate Grasslands, Savannas, and Shrublands",Central forest-grasslands transition,101,Oak-hickory-pine forest,5,Temperate Pine Forest,Oak-hickory-pine forest
4,Temperate Broadleaf and Mixed Forests,Central U.S. hardwood forests,101,Oak-hickory-pine forest,29,Temperate Pine Forest,Oak-hickory-pine forest
4,Temperate Broadleaf and Mixed Forests,East Central Texas forests,101,Oak-hickory-pine forest,15,Temperate Pine Forest,Oak-hickory-pine forest
5,Temperate Coniferous Forests,Middle Atlantic coastal forests,101,Oak-hickory-pine forest,163,Temperate Pine Forest,Oak-hickory-pine forest
4,Temperate Broadleaf and Mixed Forests,Northeastern coastal forests,101,Oak-hickory-pine forest,1,Temperate Pine Forest,Oak-hickory-pine forest
4,Temperate Broadleaf and Mixed Forests,Ozark Mountain forests,101,Oak-hickory-pine forest,46,Temperate Pine Forest,Oak-hickory-pine forest
5,Temperate Coniferous Forests,Piney Woods forests,101,Oak-hickory-pine forest,130,Temperate Pine Forest,Oak-hickory-pine forest
5,Temperate Coniferous Forests,Southeastern conifer forests,101,Oak-hickory-pine forest,3,Temperate Pine Forest,Oak-hickory-pine forest
4,Temperate Broadleaf and Mixed Forests,Southeastern mixed forests,101,Oak-hickory-pine forest,444,Temperate Pine Forest,Oak-hickory-pine forest
4,Temperate Broadleaf and Mixed Forests,Southeastern mixed forests,0,unk,1,Temperate Pine Forest,Oak-hickory-pine forest
7,"Tropical and subtropical grasslands, savannas, and shrublands",Western Gulf coastal grasslands,101,Oak-hickory-pine forest,6,Temperate Pine Forest,Oak-hickory-pine forest
5,Temperate Coniferous Forests,Arizona Mountains forests,17,Pine-Douglas fir forest,20,Temperate Pine Forest,Pine-Douglas fir forest
13,Deserts and Xeric Shrublands,Colorado Plateau shrublands,17,Pine-Douglas fir forest,14,Temperate Pine Forest,Pine-Douglas fir forest
5,Temperate Coniferous Forests,Colorado Rockies forests,17,Pine-Douglas fir forest,48,Temperate Pine Forest,Pine-Douglas fir forest
5,Temperate Coniferous Forests,Sierra Juarez and San Pedro Martir pine-oak forests,0,unk,12,Temperate Pine Forest,Sierra Juarez and San Pedro Martir pine-oak forests
5,Temperate Coniferous Forests,Blue Mountains forests,10,Western ponderosa forest,9,Temperate Pine Forest,Western ponderosa forest
5,Temperate Coniferous Forests,Cascade Mountains leeward forests,10,Western ponderosa forest,1,Temperate Pine Forest,Western ponderosa forest
5,Temperate Coniferous Forests,Central and Southern Cascades forests,10,Western ponderosa forest,1,Temperate Pine Forest,Western ponderosa forest
5,Temperate Coniferous Forests,Eastern Cascades forests,10,Western ponderosa forest,24,Temperate Pine Forest,Western ponderosa forest
5,Temperate Coniferous Forests,Great Basin montane forests,10,Western ponderosa forest,5,Temperate Pine Forest,Western ponderosa forest
8,"Temperate Grasslands, Savannas, and Shrublands",Montana Valley and Foothill grasslands,10,Western ponderosa forest,9,Temperate Pine Forest,Western ponderosa forest
5,Temperate Coniferous Forests,Okanagan dry forests,0,unk,28,Temperate Pine Forest,Western ponderosa forest
5,Temperate Coniferous Forests,Okanagan dry forests,10,Western ponderosa forest,1,Temperate Pine Forest,Western ponderosa forest
8,"Temperate Grasslands, Savannas, and Shrublands",Palouse grasslands,10,Western ponderosa forest,7,Temperate Pine Forest,Western ponderosa forest
5,Temperate Coniferous Forests,Sierra Nevada forests,10,Western ponderosa forest,2,Temperate Pine Forest,Western ponderosa forest
13,Deserts and Xeric Shrublands,Snake-Columbia shrub steppe,10,Western ponderosa forest,2,Temperate Pine Forest,Western ponderosa forest
5,Temperate Coniferous Forests,South Central Rockies forests,10,Western ponderosa forest,11,Temperate Pine Forest,Western ponderosa forest
5,Temperate Coniferous Forests,Caledon conifer forests,0,unk,21,Temperate Pine Forest,
5,Temperate Coniferous Forests,Middle Atlantic coastal forests,0,unk,14,Temperate Pine Forest,
5,Temperate Coniferous Forests,Southeastern conifer forests,0,unk,13,Temperate Pine Forest,
2,Tropical and Subtropical Dry Broadleaf Forests,Apure-Villavicencio dry forests,0,unk,42,Tropical Dry Forest,Apure-Villavicencio dry forests
2,Tropical and Subtropical Dry Broadleaf Forests,Bajío dry forests,0,unk,28,Tropical Dry Forest,Bajío dry forests
2,Tropical and Subtropical Dry Broadleaf Forests,Balsas dry forests,0,unk,41,Tropical Dry Forest,Balsas dry forests
2,Tropical and Subtropical Dry Broadleaf Forests,Cauca Valley dry forests,0,unk,3,Tropical Dry Forest,Cauca Valley dry forests
2,Tropical and Subtropical Dry Broadleaf Forests,Central American dry forests,0,unk,43,Tropical Dry Forest,Central American dry forests
2,Tropical and Subtropical Dry Broadleaf Forests,Chiapas Depression dry forests,0,unk,16,Tropical Dry Forest,Chiapas Depression dry forests
2,Tropical and Subtropical Dry Broadleaf Forests,Cuban dry forests,0,unk,42,Tropical Dry Forest,Cuban dry forests
2,Tropical and Subtropical Dry Broadleaf Forests,Hawaii tropical dry forests,0,unk,34,Tropical Dry Forest,Hawaii tropical dry forests
2,Tropical and Subtropical Dry Broadleaf Forests,Hispaniolan dry forests,0,unk,17,Tropical Dry Forest,Hispaniolan dry forests
2,Tropical and Subtropical Dry Broadleaf Forests,Jalisco dry forests,0,unk,22,Tropical Dry Forest,Jalisco dry forests
2,Tropical and Subtropical Dry Broadleaf Forests,Jamaican dry forests,0,unk,11,Tropical Dry Forest,Jamaican dry forests
2,Tropical and Subtropical Dry Broadleaf Forests,Lara-Falcón dry forests,0,unk,18,Tropical Dry Forest,Lara-Falcón dry forests
2,Tropical and Subtropical Dry Broadleaf Forests,Lesser Antillean dry forests,0,unk,6,Tropical Dry Forest,Lesser Antillean dry forests
2,Tropical and Subtropical Dry Broadleaf Forests,Magdalena Valley dry forests,0,unk,1,Tropical Dry Forest,Magdalena Valley dry forests
2,Tropical and Subtropical Dry Broadleaf Forests,Maracaibo dry forests,0,unk,25,Tropical Dry Forest,Maracaibo dry forests
2,Tropical and Subtropical Dry Broadleaf Forests,Panamanian dry forests,0,unk,12,Tropical Dry Forest,Panamanian dry forests
2,Tropical and Subtropical Dry Broadleaf Forests,Puerto Rican dry forests,0,unk,12,Tropical Dry Forest,Puerto Rican dry forests
2,Tropical and Subtropical Dry Broadleaf Forests,Sierra de la Laguna dry forests,0,unk,11,Tropical Dry Forest,Sierra de la Laguna dry forests
2,Tropical and Subtropical Dry Broadleaf Forests,Sinaloan dry forests,0,unk,48,Tropical Dry Forest,Sinaloan dry forests
2,Tropical and Subtropical Dry Broadleaf Forests,Sinú Valley dry forests,0,unk,22,Tropical Dry Forest,Sinú Valley dry forests
2,Tropical and Subtropical Dry Broadleaf Forests,Sonoran-Sinaloan transition subtropical dry forest,0,unk,35,Tropical Dry Forest,Sonoran-Sinaloan transition subtropical dry forest
2,Tropical and Subtropical Dry Broadleaf Forests,Southern Pacific dry forests,0,unk,31,Tropical Dry Forest,Southern Pacific dry forests
2,Tropical and Subtropical Dry Broadleaf Forests,Veracruz dry forests,0,unk,13,Tropical Dry Forest,Veracruz dry forests
2,Tropical and Subtropical Dry Broadleaf Forests,Yucatán dry forests,0,unk,34,Tropical Dry Forest,Yucatán dry forests
1,Tropical and Subtropical Moist Broadleaf Forests,Catatumbo moist forests,0,unk,21,Tropical Moist Forest,Catatumbo moist forests
1,Tropical and Subtropical Moist Broadleaf Forests,Central American Atlantic moist forests,0,unk,54,Tropical Moist Forest,Central American Atlantic moist forests
1,Tropical and Subtropical Moist Broadleaf Forests,Chocó-Darién moist forests,0,unk,32,Tropical Moist Forest,Chocó-Darién moist forests
1,Tropical and Subtropical Moist Broadleaf Forests,Costa Rican seasonal moist forests,0,unk,15,Tropical Moist Forest,Costa Rican seasonal moist forests
1,Tropical and Subtropical Moist Broadleaf Forests,Cuban moist forests,0,unk,20,Tropical Moist Forest,Cuban moist forests
1,Tropical and Subtropical Moist Broadleaf Forests,Guianan Highlands moist forests,0,unk,60,Tropical Moist Forest,Guianan Highlands moist forests
1,Tropical and Subtropical Moist Broadleaf Forests,Guianan moist forests,0,unk,14,Tropical Moist Forest,Guianan moist forests
1,Tropical and Subtropical Moist Broadleaf Forests,Guianan piedmont and lowland moist forests,0,unk,110,Tropical Moist Forest,Guianan piedmont and lowland moist forests
1,Tropical and Subtropical Moist Broadleaf Forests,Hawaii tropical moist forests,0,unk,30,Tropical Moist Forest,Hawaii tropical moist forests
1,Tropical and Subtropical Moist Broadleaf Forests,Hispaniolan moist forests,0,unk,32,Tropical Moist Forest,Hispaniolan moist forests
1,Tropical and Subtropical Moist Broadleaf Forests,Isthmian-Atlantic moist forests,0,unk,38,Tropical Moist Forest,Isthmian-Atlantic moist forests
1,Tropical and Subtropical Moist Broadleaf Forests,Isthmian-Pacific moist forests,0,unk,23,Tropical Moist Forest,Isthmian-Pacific moist forests
1,Tropical and Subtropical Moist Broadleaf Forests,Jamaican moist forests,0,unk,14,Tropical Moist Forest,Jamaican moist forests
1,Tropical and Subtropical Moist Broadleaf Forests,Leeward Islands moist forests,0,unk,7,Tropical Moist Forest,Leeward Islands moist forests
1,Tropical and Subtropical Moist Broadleaf Forests,Magdalena-Urabá moist forests,0,unk,48,Tropical Moist Forest,Magdalena-Urabá moist forests
1,Tropical and Subtropical Moist Broadleaf Forests,Negro-Branco moist forests,0,unk,32,Tropical Moist Forest,Negro-Branco moist forests
1,Tropical and Subtropical Moist Broadleaf Forests,Pantanos de Centla,0,unk,18,Tropical Moist Forest,Pantanos de Centla
1,Tropical and Subtropical Moist Broadleaf Forests,Petén-Veracruz moist forests,0,unk,84,Tropical Moist Forest,Petén-Veracruz moist forests
1,Tropical and Subtropical Moist Broadleaf Forests,Puerto Rican moist forests,0,unk,35,Tropical Moist Forest,Puerto Rican moist forests
1,Tropical and Subtropical Moist Broadleaf Forests,Rio Negro campinarana,0,unk,8,Tropical Moist Forest,Rio Negro campinarana
1,Tropical and Subtropical Moist Broadleaf Forests,Sierra de los Tuxtlas,0,unk,11,Tropical Moist Forest,Sierra de los Tuxtlas
1,Tropical and Subtropical Moist Broadleaf Forests,Sierra Madre de Chiapas moist forests,0,unk,15,Tropical Moist Forest,Sierra Madre de Chiapas moist forests
1,Tropical and Subtropical Moist Broadleaf Forests,Trinidad and Tobago moist forests,0,unk,12,Tropical Moist Forest,Trinidad and Tobago moist forests
1,Tropical and Subtropical Moist Broadleaf Forests,Uatuma-Trombetas moist forests,0,unk,4,Tropical Moist Forest,Uatuma-Trombetas moist forests
1,Tropical and Subtropical Moist Broadleaf Forests,Veracruz moist forests,0,unk,44,Tropical Moist Forest,Veracruz moist forests
1,Tropical and Subtropical Moist Broadleaf Forests,Windward Islands moist forests,0,unk,11,Tropical Moist Forest,Windward Islands moist forests
1,Tropical and Subtropical Moist Broadleaf Forests,Yucatán moist forests,0,unk,44,Tropical Moist Forest,Yucatán moist forests
1,Tropical and Subtropical Moist Broadleaf Forests,Cauca Valley montane forests,0,unk,7,Tropical Montane Forest,Cauca Valley montane forests
1,Tropical and Subtropical Moist Broadleaf Forests,Central American montane forests,0,unk,16,Tropical Montane Forest,Central American montane forests
1,Tropical and Subtropical Moist Broadleaf Forests,Chiapas montane forests,0,unk,12,Tropical Montane Forest,Chiapas montane forests
1,Tropical and Subtropical Moist Broadleaf Forests,Chimalapas montane forests,0,unk,11,Tropical Montane Forest,Chimalapas montane forests
1,Tropical and Subtropical Moist Broadleaf Forests,Cordillera La Costa montane forests,0,unk,17,Tropical Montane Forest,Cordillera La Costa montane forests
1,Tropical and Subtropical Moist Broadleaf Forests,Cordillera Oriental montane forests,0,unk,30,Tropical Montane Forest,Cordillera Oriental montane forests
1,Tropical and Subtropical Moist Broadleaf Forests,Eastern Panamanian montane forests,0,unk,11,Tropical Montane Forest,Eastern Panamanian montane forests
1,Tropical and Subtropical Moist Broadleaf Forests,Magdalena Valley montane forests,0,unk,40,Tropical Montane Forest,Magdalena Valley montane forests
1,Tropical and Subtropical Moist Broadleaf Forests,Northwestern Andean montane forests,0,unk,6,Tropical Montane Forest,Northwestern Andean montane forests
1,Tropical and Subtropical Moist Broadleaf Forests,Oaxacan montane forests,0,unk,13,Tropical Montane Forest,Oaxacan montane forests
1,Tropical and Subtropical Moist Broadleaf Forests,Pantepui,0,unk,32,Tropical Montane Forest,Pantepui
1,Tropical and Subtropical Moist Broadleaf Forests,Santa Marta montane forests,0,unk,12,Tropical Montane Forest,Santa Marta montane forests
1,Tropical and Subtropical Moist Broadleaf Forests,Talamancan montane forests,0,unk,18,Tropical Montane Forest,Talamancan montane forests
1,Tropical and Subtropical Moist Broadleaf Forests,Venezuelan Andes montane forests,0,unk,24,Tropical Montane Forest,Venezuelan Andes montane forests
1,Tropical and Subtropical Moist Broadleaf Forests,Veracruz montane forests,0,unk,12,Tropical Montane Forest,Veracruz montane forests
3,Tropical and Subtropical Coniferous Forests,Bahamian pine mosaic,0,unk,13,Tropical Pine Forest,Bahamian pine mosaic
3,Tropical and Subtropical Coniferous Forests,Belizian pine forests,0,unk,11,Tropical Pine Forest,Belizian pine forests
3,Tropical and Subtropical Coniferous Forests,Central American pine-oak forests,0,unk,65,Tropical Pine Forest,Central American pine-oak forests
3,Tropical and Subtropical Coniferous Forests,Cuban pine forests,0,unk,13,Tropical Pine Forest,Cuban pine forests
3,Tropical and Subtropical Coniferous Forests,Hispaniolan pine forests,0,unk,15,Tropical Pine Forest,Hispaniolan pine forests
3,Tropical and Subtropical Coniferous Forests,Miskito pine forests,0,unk,19,Tropical Pine Forest,Miskito pine forests
3,Tropical and Subtropical Coniferous Forests,Sierra de la Laguna pine-oak forests,0,unk,9,Tropical Pine Forest,Sierra de la Laguna pine-oak forests
3,Tropical and Subtropical Coniferous Forests,Sierra Madre de Oaxaca pine-oak forests,0,unk,17,Tropical Pine Forest,Sierra Madre de Oaxaca pine-oak forests
3,Tropical and Subtropical Coniferous Forests,Sierra Madre del Sur pine-oak forests,0,unk,40,Tropical Pine Forest,Sierra Madre del Sur pine-oak forests
5,Temperate Coniferous Forests,Arizona Mountains forests,27,Oak-juniper woodland,1,Tropical Pine Forest,Sierra Madre Occidental pine-oak forests
3,Tropical and Subtropical Coniferous Forests,Sierra Madre Occidental pine-oak forests,0,unk,118,Tropical Pine Forest,Sierra Madre Occidental pine-oak forests
3,Tropical and Subtropical Coniferous Forests,Sierra Madre Occidental pine-oak forests,27,Oak-juniper woodland,5,Tropical Pine Forest,Sierra Madre Occidental pine-oak forests
13,Deserts and Xeric Shrublands,Sonoran desert,27,Oak-juniper woodland,1,Tropical Pine Forest,Sierra Madre Occidental pine-oak forests
13,Deserts and Xeric Shrublands,Chihuahuan desert,27,Oak-juniper woodland,13,Tropical Pine Forest,Sierra Madre Oriental pine-oak forests
3,Tropical and Subtropical Coniferous Forests,Sierra Madre Oriental pine-oak forests,0,unk,41,Tropical Pine Forest,Sierra Madre Oriental pine-oak forests
3,Tropical and Subtropical Coniferous Forests,Sierra Madre Oriental pine-oak forests,27,Oak-juniper woodland,2,Tropical Pine Forest,Sierra Madre Oriental pine-oak forests
9,Wetlands,Everglades,106,Sub-tropical pine forest,4,Tropical Pine Forest,South Florida rocklands
1,Tropical and Subtropical Moist Broadleaf Forests,South Florida rocklands,106,Sub-tropical pine forest,15,Tropical Pine Forest,South Florida rocklands
1,Tropical and Subtropical Moist Broadleaf Forests,South Florida rocklands,0,unk,10,Tropical Pine Forest,South Florida rocklands
3,Tropical and Subtropical Coniferous Forests,Trans-Mexican Volcanic Belt pine-oak forests,0,unk,56,Tropical Pine Forest,Trans-Mexican Volcanic Belt pine-oak forests
7,"Tropical and subtropical grasslands, savannas, and shrublands",Western Gulf coastal grasslands,69,Bluestem-sacahuista prairie,63,Tropical/Subtropical Savanna,Bluestem-sacahuista prairie
7,"Tropical and subtropical grasslands, savannas, and shrublands",Guianan savanna,0,unk,14,Tropical/Subtropical Savanna,Guianan savanna
7,"Tropical and subtropical grasslands, savannas, and shrublands",Hawaii tropical low shrublands,0,unk,22,Tropical/Subtropical Savanna,Hawaii tropical low shrublands
8,"Temperate Grasslands, Savannas, and Shrublands",Central and Southern mixed grasslands,77,Juniper-oak savanna,2,Tropical/Subtropical Savanna,Juniper-oak savanna
8,"Temperate Grasslands, Savannas, and Shrublands",Central forest-grasslands transition,77,Juniper-oak savanna,9,Tropical/Subtropical Savanna,Juniper-oak savanna
13,Deserts and Xeric Shrublands,Chihuahuan desert,77,Juniper-oak savanna,2,Tropical/Subtropical Savanna,Juniper-oak savanna
8,"Temperate Grasslands, Savannas, and Shrublands",Edwards Plateau savanna,77,Juniper-oak savanna,51,Tropical/Subtropical Savanna,Juniper-oak savanna
8,"Temperate Grasslands, Savannas, and Shrublands",Texas blackland prairies,77,Juniper-oak savanna,1,Tropical/Subtropical Savanna,Juniper-oak savanna
7,"Tropical and subtropical grasslands, savannas, and shrublands",Llanos,0,unk,184,Tropical/Subtropical Savanna,Llanos
8,"Temperate Grasslands, Savannas, and Shrublands",Central and Southern mixed grasslands,76,Mesquite-buffalo grass,63,Tropical/Subtropical Savanna,Mesquite-buffalo grass
8,"Temperate Grasslands, Savannas, and Shrublands",Central forest-grasslands transition,76,Mesquite-buffalo grass,1,Tropical/Subtropical Savanna,Mesquite-buffalo grass
13,Deserts and Xeric Shrublands,Chihuahuan desert,76,Mesquite-buffalo grass,5,Tropical/Subtropical Savanna,Mesquite-buffalo grass
8,"Temperate Grasslands, Savannas, and Shrublands",Edwards Plateau savanna,76,Mesquite-buffalo grass,1,Tropical/Subtropical Savanna,Mesquite-buffalo grass
8,"Temperate Grasslands, Savannas, and Shrublands",Western short grasslands,76,Mesquite-buffalo grass,27,Tropical/Subtropical Savanna,Mesquite-buffalo grass
13,Deserts and Xeric Shrublands,Tamaulipan mezquital,55,Mesquite-live oak savanna,3,Tropical/Subtropical Savanna,Mesquite-live oak savanna
7,"Tropical and subtropical grasslands, savannas, and shrublands",Western Gulf coastal grasslands,55,Mesquite-live oak savanna,7,Tropical/Subtropical Savanna,Mesquite-live oak savanna
8,"Temperate Grasslands, Savannas, and Shrublands",Edwards Plateau savanna,78,Mesquite-oak savanna,11,Tropical/Subtropical Savanna,Mesquite-oak savanna
9,Wetlands,Everglades,71,Palmetto prairie,2,Tropical/Subtropical Savanna,Palmetto prairie
5,Temperate Coniferous Forests,Florida sand pine scrub,71,Palmetto prairie,3,Tropical/Subtropical Savanna,Palmetto prairie
5,Temperate Coniferous Forests,Southeastern conifer forests,71,Palmetto prairie,7,Tropical/Subtropical Savanna,Palmetto prairie
5,Temperate Coniferous Forests,Florida sand pine scrub,105,Sand pine scrub,5,Tropical/Subtropical Savanna,Sand pine scrub
5,Temperate Coniferous Forests,Southeastern conifer forests,105,Sand pine scrub,1,Tropical/Subtropical Savanna,Sand pine scrub
7,"Tropical and subtropical grasslands, savannas, and shrublands",Western Gulf coastal grasslands,0,unk,13,Tropical/Subtropical Savanna,
11,Tundra,Alaska-St. Elias Range tundra,0,unk,93,Tundra,Alaska-St. Elias Range tundra
11,Tundra,Aleutian Islands tundra,0,unk,18,Tundra,Aleutian Islands tundra
5,Temperate Coniferous Forests,British Columbia mainland coastal forests,45,Alpine meadows and barren,1,Tundra,Alpine meadows and barren
5,Temperate Coniferous Forests,Cascade Mountains leeward forests,45,Alpine meadows and barren,3,Tundra,Alpine meadows and barren
5,Temperate Coniferous Forests,Central and Southern Cascades forests,45,Alpine meadows and barren,2,Tundra,Alpine meadows and barren
5,Temperate Coniferous Forests,Colorado Rockies forests,45,Alpine meadows and barren,12,Tundra,Alpine meadows and barren
5,Temperate Coniferous Forests,Sierra Nevada forests,45,Alpine meadows and barren,1,Tundra,Alpine meadows and barren
5,Temperate Coniferous Forests,South Central Rockies forests,45,Alpine meadows and barren,1,Tundra,Alpine meadows and barren
11,Tundra,Arctic coastal tundra,0,unk,62,Tundra,Arctic coastal tundra
11,Tundra,Arctic foothills tundra,0,unk,75,Tundra,Arctic foothills tundra
11,Tundra,Baffin coastal tundra,0,unk,14,Tundra,Baffin coastal tundra
11,Tundra,Bering tundra,0,unk,230,Tundra,Bering tundra
11,Tundra,Beringia lowland tundra,0,unk,88,Tundra,Beringia lowland tundra
11,Tundra,Beringia upland tundra,0,unk,60,Tundra,Beringia upland tundra
11,Tundra,Brooks-British Range tundra,0,unk,93,Tundra,Brooks-British Range tundra
11,Tundra,Cherskii-Kolyma mountain tundra,0,unk,21,Tundra,Cherskii-Kolyma mountain tundra
11,Tundra,Chukchi Peninsula tundra,0,unk,155,Tundra,Chukchi Peninsula tundra
11,Tundra,Davis Highlands tundra,0,unk,48,Tundra,Davis Highlands tundra
11,Tundra,High Arctic tundra,0,unk,237,Tundra,High Arctic tundra
11,Tundra,Interior Yukon-Alaska alpine tundra,0,unk,131,Tundra,Interior Yukon-Alaska alpine tundra
11,Tundra,Kalaallit Nunaat high arctic tundra,0,unk,146,Tundra,Kalaallit Nunaat high arctic tundra
11,Tundra,Kalaallit Nunaat low arctic tundra,0,unk,69,Tundra,Kalaallit Nunaat low arctic tundra
11,Tundra,Kamchatka Mountain tundra and forest tundra,0,unk,37,Tundra,Kamchatka Mountain tundra and forest tundra
11,Tundra,Low Arctic tundra,0,unk,405,Tundra,Low Arctic tundra
11,Tundra,Middle Arctic tundra,0,unk,520,Tundra,Middle Arctic tundra
11,Tundra,Ogilvie-MacKenzie alpine tundra,0,unk,114,Tundra,Ogilvie-MacKenzie alpine tundra
11,Tundra,Pacific Coastal Mountain icefields and tundra,0,unk,82,Tundra,Pacific Coastal Mountain icefields and tundra
11,Tundra,Torngat Mountain tundra,0,unk,26,Tundra,Torngat Mountain tundra
11,Tundra,Wrangel Island arctic desert,0,unk,13,Tundra,Wrangel Island arctic desert
13,Deserts and Xeric Shrublands,Araya and Paria xeric scrub,0,unk,11,Warm Desert,Araya and Paria xeric scrub
13,Deserts and Xeric Shrublands,Baja California desert,0,unk,47,Warm Desert,Baja California desert
13,Deserts and Xeric Shrublands,Caribbean shrublands,0,unk,14,Warm Desert,Caribbean shrublands
13,Deserts and Xeric Shrublands,Tamaulipan mezquital,38,Ceniza shrub,9,Warm Desert,Ceniza shrub
13,Deserts and Xeric Shrublands,Central Mexican matorral,0,unk,39,Warm Desert,Central Mexican matorral
13,Deserts and Xeric Shrublands,Colorado Plateau shrublands,35,Creosote bush,3,Warm Desert,Creosote bush
13,Deserts and Xeric Shrublands,Great Basin shrub steppe,35,Creosote bush,1,Warm Desert,Creosote bush
13,Deserts and Xeric Shrublands,Mojave desert,35,Creosote bush,101,Warm Desert,Creosote bush
5,Temperate Coniferous Forests,Arizona Mountains forests,36,Creosote bush-bur sage,4,Warm Desert,Creosote bush-bur sage
12,"Mediterranean Forests, Woodlands, and Scrub",California coastal sage and chaparral,36,Creosote bush-bur sage,1,Warm Desert,Creosote bush-bur sage
13,Deserts and Xeric Shrublands,Chihuahuan desert,36,Creosote bush-bur sage,7,Warm Desert,Creosote bush-bur sage
13,Deserts and Xeric Shrublands,Sonoran desert,36,Creosote bush-bur sage,105,Warm Desert,Creosote bush-bur sage
13,Deserts and Xeric Shrublands,Sonoran desert,0,unk,56,Warm Desert,Creosote bush-bur sage
13,Deserts and Xeric Shrublands,Cuban cactus scrub,0,unk,11,Warm Desert,Cuban cactus scrub
13,Deserts and Xeric Shrublands,Chihuahuan desert,48,Grama-tobosa prairie,14,Warm Desert,Grama-tobosa prairie
3,Tropical and Subtropical Coniferous Forests,Sierra Madre Oriental pine-oak forests,48,Grama-tobosa prairie,2,Warm Desert,Grama-tobosa prairie
5,Temperate Coniferous Forests,Arizona Mountains forests,52,Grama-tobosa shrubsteppe,8,Warm Desert,Grama-tobosa shrubsteppe
13,Deserts and Xeric Shrublands,Chihuahuan desert,52,Grama-tobosa shrubsteppe,96,Warm Desert,Grama-tobosa shrubsteppe
13,Deserts and Xeric Shrublands,Colorado Plateau shrublands,52,Grama-tobosa shrubsteppe,8,Warm Desert,Grama-tobosa shrubsteppe
13,Deserts and Xeric Shrublands,Mojave desert,52,Grama-tobosa shrubsteppe,2,Warm Desert,Grama-tobosa shrubsteppe
3,Tropical and Subtropical Coniferous Forests,Sierra Madre Occidental pine-oak forests,52,Grama-tobosa shrubsteppe,2,Warm Desert,Grama-tobosa shrubsteppe
13,Deserts and Xeric Shrublands,Sonoran desert,52,Grama-tobosa shrubsteppe,7,Warm Desert,Grama-tobosa shrubsteppe
13,Deserts and Xeric Shrublands,Guajira-Barranquilla xeric scrub,0,unk,25,Warm Desert,Guajira-Barranquilla xeric scrub
13,Deserts and Xeric Shrublands,Gulf of California xeric scrub,0,unk,21,Warm Desert,Gulf of California xeric scrub
13,Deserts and Xeric Shrublands,La Costa xeric shrublands,0,unk,44,Warm Desert,La Costa xeric shrublands
13,Deserts and Xeric Shrublands,Meseta Central matorral,0,unk,72,Warm Desert,Meseta Central matorral
13,Deserts and Xeric Shrublands,Sonoran desert,23,Mesquite bosques,2,Warm Desert,Mesquite bosques
4,Temperate Broadleaf and Mixed Forests,East Central Texas forests,54,Mesquite-acacia-savanna,11,Warm Desert,Mesquite-acacia-savanna
8,"Temperate Grasslands, Savannas, and Shrublands",Edwards Plateau savanna,54,Mesquite-acacia-savanna,8,Warm Desert,Mesquite-acacia-savanna
13,Deserts and Xeric Shrublands,Tamaulipan mezquital,54,Mesquite-acacia-savanna,59,Warm Desert,Mesquite-acacia-savanna
13,Deserts and Xeric Shrublands,Tamaulipan mezquital,0,unk,44,Warm Desert,Mesquite-acacia-savanna
8,"Temperate Grasslands, Savannas, and Shrublands",Texas blackland prairies,54,Mesquite-acacia-savanna,5,Warm Desert,Mesquite-acacia-savanna
7,"Tropical and subtropical grasslands, savannas, and shrublands",Western Gulf coastal grasslands,54,Mesquite-acacia-savanna,9,Warm Desert,Mesquite-acacia-savanna
13,Deserts and Xeric Shrublands,Motagua Valley thornscrub,0,unk,11,Warm Desert,Motagua Valley thornscrub
13,Deserts and Xeric Shrublands,Sonoran desert,37,Palo verde-cactus shrub,24,Warm Desert,Palo verde-cactus shrub
13,Deserts and Xeric Shrublands,Paraguana xeric scrub,0,unk,17,Warm Desert,Paraguana xeric scrub
13,Deserts and Xeric Shrublands,San Lucan xeric scrub,0,unk,10,Warm Desert,San Lucan xeric scrub
13,Deserts and Xeric Shrublands,Tamaulipan matorral,0,unk,18,Warm Desert,Tamaulipan matorral
13,Deserts and Xeric Shrublands,Tehuacán Valley matorral,0,unk,14,Warm Desert,Tehuacán Valley matorral
5,Temperate Coniferous Forests,Arizona Mountains forests,53,Trans-Pecos shrub savanna,2,Warm Desert,Trans-Pecos shrub savanna
13,Deserts and Xeric Shrublands,Chihuahuan desert,0,unk,154,Warm Desert,Trans-Pecos shrub savanna
13,Deserts and Xeric Shrublands,Chihuahuan desert,53,Trans-Pecos shrub savanna,81,Warm Desert,Trans-Pecos shrub savanna
13,Deserts and Xeric Shrublands,Tamaulipan mezquital,53,Trans-Pecos shrub savanna,3,Warm Desert,Trans-Pecos shrub savanna
8,"Temperate Grasslands, Savannas, and Shrublands",Western short grasslands,53,Trans-Pecos shrub savanna,11,Warm Desert,Trans-Pecos shrub savanna
9,Wetlands,Everglades,82,Cypress savanna,4,Warm Swamp,Cypress savanna
5,Temperate Coniferous Forests,Southeastern conifer forests,82,Cypress savanna,1,Warm Swamp,Cypress savanna
1,Tropical and Subtropical Moist Broadleaf Forests,Orinoco Delta swamp forests,0,unk,19,Warm Swamp,Orinoco Delta swamp forests
5,Temperate Coniferous Forests,Middle Atlantic coastal forests,104,Pocosin,11,Warm Swamp,Pocosin
8,"Temperate Grasslands, Savannas, and Shrublands",Central forest-grasslands transition,103,Southern floodplain forest,5,Warm Swamp,Southern floodplain forest
4,Temperate Broadleaf and Mixed Forests,Central U.S. hardwood forests,103,Southern floodplain forest,24,Warm Swamp,Southern floodplain forest
4,Temperate Broadleaf and Mixed Forests,East Central Texas forests,103,Southern floodplain forest,2,Warm Swamp,Southern floodplain forest
5,Temperate Coniferous Forests,Middle Atlantic coastal forests,103,Southern floodplain forest,16,Warm Swamp,Southern floodplain forest
4,Temperate Broadleaf and Mixed Forests,Mississippi lowland forests,103,Southern floodplain forest,143,Warm Swamp,Southern floodplain forest
4,Temperate Broadleaf and Mixed Forests,Ozark Mountain forests,103,Southern floodplain forest,4,Warm Swamp,Southern floodplain forest
5,Temperate Coniferous Forests,Piney Woods forests,103,Southern floodplain forest,38,Warm Swamp,Southern floodplain forest
5,Temperate Coniferous Forests,Southeastern conifer forests,103,Southern floodplain forest,20,Warm Swamp,Southern floodplain forest
4,Temperate Broadleaf and Mixed Forests,Southeastern mixed forests,103,Southern floodplain forest,8,Warm Swamp,Southern floodplain forest
7,"Tropical and subtropical grasslands, savannas, and shrublands",Western Gulf coastal grasslands,103,Southern floodplain forest,7,Warm Swamp,Southern floodplain forest
9,Wetlands,Cuban wetlands,0,unk,12,Warm Wetland,Cuban wetlands
9,Wetlands,Enriquillo wetlands,0,unk,5,Warm Wetland,Enriquillo wetlands
9,Wetlands,Everglades,83,Everglades,19,Warm Wetland,Everglades
9,Wetlands,Everglades,0,unk,2,Warm Wetland,Everglades
1,Tropical and Subtropical Moist Broadleaf Forests,South Florida rocklands,83,Everglades,3,Warm Wetland,Everglades
9,Wetlands,Orinoco wetlands,0,unk,12,Warm Wetland,Orinoco wetlands
4,Temperate Broadleaf and Mixed Forests,Mississippi lowland forests,70,Southern cordgrass prairie,1,Warm Wetland,Southern cordgrass prairie
7,"Tropical and subtropical grasslands, savannas, and shrublands",Western Gulf coastal grasslands,70,Southern cordgrass prairie,21,Warm Wetland,Southern cordgrass prairie
8,"Temperate Grasslands, Savannas, and Shrublands",California Central Valley grasslands,42,Tule marshes,8,Warm Wetland,Tule marshes
13,Deserts and Xeric Shrublands,Great Basin shrub steppe,42,Tule marshes,3,Warm Wetland,Tule marshes
